,ClientId,ClientServiceId,Duration,EndDateTime,FirstAppointment,GenderPreference,Id,LocationId,Notes,ProgramId,ProviderId,SessionTypeId,StaffId,StaffRequested,StartDateTime,Status
0,100005595,,120,2020-01-10T13:30:00,False,None,116940,1,,8,0,2124,3,False,2020-01-10T11:30:00,NoShow
1,100004735,101156.0,45,2020-01-10T19:45:00,False,None,116958,1,,21,0,1097,3,True,2020-01-10T19:00:00,Completed
2,100008397,101191.0,10,2020-01-10T21:10:00,True,None,116978,1,,6,0,1109,3,False,2020-01-10T21:00:00,Completed
3,100006303,101102.0,45,2020-01-10T14:45:00,False,None,116917,1,,2,0,1010,100000004,False,2020-01-10T14:00:00,Completed
4,100007681,101030.0,60,2020-01-10T12:15:00,False,None,116957,1,,5,0,1024,100000022,False,2020-01-10T11:15:00,Completed
5,100008390,101007.0,60,2020-01-10T14:30:00,True,None,116959,1,,4,0,1007,100000022,False,2020-01-10T13:30:00,Completed
6,100007329,101006.0,30,2020-01-10T15:45:00,False,None,116964,1,,2,0,1006,100000022,False,2020-01-10T15:15:00,Completed
7,100008397,101191.0,10,2020-01-10T21:10:00,True,None,116977,1,,6,0,1109,100000022,False,2020-01-10T21:00:00,Completed
8,100008389,100003.0,60,2020-01-10T14:00:00,True,None,116955,1,"Wants strong
Referred by Nick White",2,0,5,100000037,False,2020-01-10T13:00:00,Completed
9,100008392,102236.0,30,2020-01-10T15:15:00,True,None,116963,1,,4,0,2138,100000037,False,2020-01-10T14:45:00,Completed
10,100008387,101030.0,60,2020-01-10T21:00:00,True,None,116952,1,"$36 dollar, groupon has 20% off",5,0,1024,100000037,False,2020-01-10T20:00:00,Completed
11,100003561,101110.0,90,2020-01-10T19:30:00,False,None,116971,1,,2,0,5,100000038,False,2020-01-10T18:00:00,Completed
12,100008397,101191.0,10,2020-01-10T21:10:00,True,None,116976,1,,6,0,1109,100000038,False,2020-01-10T21:00:00,Completed
13,100008388,102237.0,45,2020-01-10T11:45:00,True,None,116953,1,,4,0,2139,100000061,False,2020-01-10T11:00:00,Completed
14,100003613,101110.0,60,2020-01-10T13:00:00,False,Female,116956,1,,5,0,1024,100000061,False,2020-01-10T12:00:00,Completed
15,100008391,102236.0,30,2020-01-10T15:15:00,True,None,116960,1,,4,0,2138,100000061,False,2020-01-10T14:45:00,Completed
16,100008397,101191.0,10,2020-01-10T21:10:00,True,None,116975,1,,6,0,1109,100000061,False,2020-01-10T21:00:00,Completed
34,100000811,101109.0,90,2020-01-09T17:00:00,False,None,116945,1,,2,0,1011,3,True,2020-01-09T15:30:00,Completed
35,100000363,100003.0,60,2020-01-09T19:00:00,False,None,116946,1,,2,0,5,3,False,2020-01-09T18:00:00,Completed
36,100004735,101187.0,30,2020-01-09T21:30:00,False,None,116951,1,,21,0,1106,3,True,2020-01-09T21:00:00,NoShow
37,100007622,101006.0,30,2020-01-09T13:15:00,False,None,116942,1,,2,0,1006,100000022,False,2020-01-09T12:45:00,Completed
38,100008386,101007.0,60,2020-01-09T20:00:00,True,None,116947,1,,4,0,1007,100000022,False,2020-01-09T19:00:00,Completed
39,100000599,,180,2020-01-09T14:00:00,False,None,116503,1,,8,0,1123,100000033,False,2020-01-09T11:00:00,NoShow
40,100000381,101194.0,60,2020-01-09T15:45:00,False,None,116949,1,,21,0,1111,100000037,False,2020-01-09T14:45:00,Completed
41,100008373,101006.0,30,2020-01-09T11:30:00,True,None,116909,1,,2,0,1006,100000061,False,2020-01-09T11:00:00,Completed
42,100008386,101007.0,60,2020-01-09T20:00:00,True,None,116948,1,,4,0,1007,100000061,False,2020-01-09T19:00:00,Completed
43,100008374,101008.0,30,2020-01-08T13:00:00,True,None,116911,1,,4,0,1008,3,False,2020-01-08T12:30:00,Completed
44,100004591,101026.0,120,2020-01-08T15:45:00,False,None,116913,1,,2,0,1020,3,True,2020-01-08T13:45:00,Completed
45,100008377,100003.0,60,2020-01-08T17:00:00,True,None,116922,1,,2,0,5,3,False,2020-01-08T16:00:00,Completed
46,100000477,101006.0,30,2020-01-08T17:30:00,False,None,116925,1,,2,0,1006,3,False,2020-01-08T17:00:00,Completed
47,100008379,101030.0,60,2020-01-08T18:30:00,True,None,116929,1,,5,0,1024,3,False,2020-01-08T17:30:00,Completed
48,100008365,101030.0,60,2020-01-08T12:15:00,True,None,116885,1,,5,0,1024,100000004,False,2020-01-08T11:15:00,Completed
49,100008367,100003.0,60,2020-01-08T14:00:00,True,None,116890,1,,2,0,5,100000004,False,2020-01-08T13:00:00,Completed
50,100005591,101203.0,90,2020-01-08T15:30:00,False,None,116908,1,,19,0,1120,100000004,False,2020-01-08T14:00:00,Completed
51,100007682,101039.0,60,2020-01-08T17:15:00,False,None,116910,1,,3,0,1005,100000004,False,2020-01-08T16:15:00,Completed
52,100008380,101030.0,60,2020-01-08T19:00:00,True,None,116930,1,,5,0,1024,100000004,False,2020-01-08T18:00:00,Completed
53,100008372,101126.0,45,2020-01-08T12:15:00,True,None,116907,1,,4,0,1074,100000022,False,2020-01-08T11:30:00,Completed
54,100008367,101053.0,60,2020-01-08T14:00:00,True,None,116891,1,dt combo,6,0,1045,100000022,False,2020-01-08T13:00:00,Completed
55,100001960,100003.0,60,2020-01-08T15:45:00,False,None,116920,1,,2,0,5,100000022,False,2020-01-08T14:45:00,Completed
56,100008377,100003.0,60,2020-01-08T17:00:00,True,None,116923,1,,2,0,5,100000022,False,2020-01-08T16:00:00,Completed
57,100003772,101011.0,90,2020-01-08T19:15:00,False,None,116919,1,,2,0,1011,100000022,True,2020-01-08T17:45:00,Completed
58,100004991,101011.0,60,2020-01-08T21:30:00,False,None,116936,1,,2,0,1011,100000022,True,2020-01-08T20:30:00,Completed
59,100000599,,15,2020-01-08T11:45:00,False,None,116887,1,Brett - Yelp,8,0,2146,100000033,False,2020-01-08T11:30:00,NoShow
60,100008332,101030.0,60,2020-01-08T12:45:00,True,None,116801,1,,5,0,1024,100000037,False,2020-01-08T11:45:00,Completed
61,100008375,100003.0,60,2020-01-08T15:00:00,True,None,116914,1,$55,2,0,5,100000037,False,2020-01-08T14:00:00,Completed
62,100008378,101032.0,120,2020-01-08T18:00:00,True,None,116924,1,,5,0,1026,100000037,False,2020-01-08T16:00:00,Completed
63,100005495,,30,2020-01-08T18:30:00,False,None,116931,1,,8,0,1118,100000037,False,2020-01-08T18:00:00,NoShow
64,100008170,101008.0,30,2020-01-08T19:15:00,False,Female,116935,1,,4,0,1008,100000037,False,2020-01-08T18:45:00,Completed
65,100008382,,60,2020-01-08T21:30:00,True,None,116937,1,,5,0,1024,100000037,False,2020-01-08T20:30:00,NoShow
66,100008371,100003.0,60,2020-01-08T12:00:00,True,None,116906,1,,2,0,5,100000061,False,2020-01-08T11:00:00,Completed
67,100008374,101008.0,30,2020-01-08T13:00:00,True,None,116912,1,,4,0,1008,100000061,False,2020-01-08T12:30:00,Completed
68,100007483,101008.0,30,2020-01-08T14:00:00,False,None,116916,1,,4,0,1008,100000061,False,2020-01-08T13:30:00,Completed
69,100008375,100003.0,60,2020-01-08T15:00:00,True,None,116915,1,$55,2,0,5,100000061,False,2020-01-08T14:00:00,Completed
70,100008177,101092.0,60,2020-01-08T16:30:00,False,Male,116895,1,,5,0,1024,100000061,False,2020-01-08T15:30:00,Completed
71,100008376,101026.0,120,2020-01-08T18:30:00,True,None,116921,1,,2,0,1020,100000061,False,2020-01-08T16:30:00,Completed
72,100008381,101008.0,30,2020-01-08T19:15:00,True,Female,116933,1,,4,0,1008,100000061,True,2020-01-08T18:45:00,Completed
73,100008383,101030.0,30,2020-01-08T21:30:00,True,None,116939,1,,5,0,1024,100000061,False,2020-01-08T21:00:00,Completed
74,100008363,101035.0,60,2020-01-07T14:30:00,True,None,116882,1,,10,0,1028,3,False,2020-01-07T13:30:00,Completed
75,100008351,101031.0,90,2020-01-07T16:00:00,True,None,116850,1,,5,0,1025,3,False,2020-01-07T14:30:00,Completed
76,100000206,101194.0,60,2020-01-07T17:15:00,False,None,116879,1,,21,0,1111,3,True,2020-01-07T16:15:00,Completed
77,100000206,101010.0,45,2020-01-07T18:00:00,False,None,116880,1,,2,0,1010,3,True,2020-01-07T17:15:00,Completed
78,100005259,100003.0,60,2020-01-07T19:15:00,False,None,116889,1,25%,2,0,5,3,True,2020-01-07T18:15:00,Completed
79,100005495,,30,2020-01-07T19:45:00,False,None,116900,1,,8,0,1118,3,False,2020-01-07T19:15:00,NoShow
80,100004862,101010.0,45,2020-01-07T14:00:00,False,None,116878,1,,2,0,1010,100000004,False,2020-01-07T13:15:00,Completed
81,100007329,101006.0,30,2020-01-07T14:45:00,False,None,116886,1,,2,0,1006,100000004,False,2020-01-07T14:15:00,Completed
82,100000320,101110.0,90,2020-01-07T16:30:00,False,None,116877,1,,2,0,5,100000004,False,2020-01-07T15:00:00,Completed
83,100008363,100003.0,60,2020-01-07T14:30:00,True,None,116883,1,,2,0,5,100000037,False,2020-01-07T13:30:00,Completed
84,100000320,101110.0,90,2020-01-07T16:30:00,False,None,116876,1,,2,0,5,100000037,False,2020-01-07T15:00:00,Completed
85,100008368,101031.0,90,2020-01-07T18:30:00,True,None,116894,1,,5,0,1025,100000037,False,2020-01-07T17:00:00,Completed
86,100008364,101030.0,60,2020-01-07T20:00:00,True,None,116884,1,,5,0,1024,100000037,False,2020-01-07T19:00:00,Completed
87,100008362,101010.0,45,2020-01-07T13:00:00,True,None,116881,1,,2,0,1010,100000061,False,2020-01-07T12:15:00,Completed
88,100000599,,60,2020-01-07T17:30:00,False,None,116893,1,,8,0,1123,100000061,False,2020-01-07T16:30:00,NoShow
89,100004050,101102.0,45,2020-01-07T18:15:00,False,None,116888,1,,2,0,1010,100000061,False,2020-01-07T17:30:00,Completed
90,100000377,101134.0,10,2020-01-07T18:25:00,False,None,116899,1,,19,0,1082,100000061,False,2020-01-07T18:15:00,Completed
91,100000451,101010.0,45,2020-01-07T19:15:00,False,None,116898,1,,2,0,1010,100000061,False,2020-01-07T18:30:00,Completed
92,100008369,101029.0,45,2020-01-07T21:45:00,True,None,116904,1,,5,0,1023,100000061,False,2020-01-07T21:00:00,Completed
93,100008353,101028.0,30,2020-01-06T16:30:00,True,None,116853,1,,5,0,1022,3,False,2020-01-06T16:00:00,Completed
94,100007178,101011.0,90,2020-01-06T19:00:00,False,None,116861,1,,2,0,1011,3,True,2020-01-06T17:30:00,Completed
95,100008360,100003.0,60,2020-01-06T20:00:00,True,None,116871,1,,2,0,5,3,False,2020-01-06T19:00:00,Completed
96,100008170,101011.0,90,2020-01-06T21:30:00,False,Female,116874,1,,2,0,1011,3,False,2020-01-06T20:00:00,Completed
97,100008355,101126.0,60,2020-01-06T16:30:00,True,None,116855,1,,4,0,1074,100000004,False,2020-01-06T15:30:00,Completed
98,100008357,101008.0,30,2020-01-06T18:15:00,True,None,116866,1,,4,0,1008,100000004,False,2020-01-06T17:45:00,Completed
99,100008361,101154.0,75,2020-01-06T19:45:00,True,None,116869,1,,21,0,1095,100000004,False,2020-01-06T18:30:00,Completed
100,100008355,101126.0,60,2020-01-06T16:30:00,True,None,116856,1,,4,0,1074,100000022,False,2020-01-06T15:30:00,Completed
101,100008358,101008.0,30,2020-01-06T18:15:00,True,None,116867,1,,4,0,1008,100000022,False,2020-01-06T17:45:00,Completed
102,100008361,102238.0,60,2020-01-06T19:30:00,True,None,116870,1,,4,0,2140,100000022,False,2020-01-06T18:30:00,Completed
103,100008170,101059.0,90,2020-01-06T21:30:00,False,Female,116873,1,,10,0,1051,100000022,False,2020-01-06T20:00:00,Completed
104,100008352,100003.0,60,2020-01-06T13:00:00,True,None,116851,1,,2,0,5,100000061,False,2020-01-06T12:00:00,Completed
105,100008353,101028.0,30,2020-01-06T16:30:00,True,None,116852,1,,5,0,1022,100000061,False,2020-01-06T16:00:00,Completed
106,100008359,101030.0,60,2020-01-06T19:30:00,True,None,116868,1,,5,0,1024,100000061,False,2020-01-06T18:30:00,Completed
107,100000001,101011.0,90,2020-01-06T21:30:00,False,None,116862,1,,2,0,1011,100000061,True,2020-01-06T20:00:00,Completed
654,100000599,102252.0,15,2020-01-05T11:15:00,False,None,116776,1,,8,0,2146,3,False,2020-01-05T11:00:00,Completed
655,100008171,101030.0,60,2020-01-05T13:00:00,False,None,116817,1,,5,0,1024,3,True,2020-01-05T12:00:00,Completed
656,100008343,101030.0,60,2020-01-05T15:15:00,True,None,116824,1,"Jacqueline Martinjma***@gmail.com•5184715, 49118505
",5,0,1024,3,False,2020-01-05T14:15:00,Completed
657,100000381,,45,2020-01-05T16:45:00,False,None,116836,1,,8,0,2124,3,False,2020-01-05T16:00:00,NoShow
658,100008346,101052.0,45,2020-01-05T17:45:00,True,None,116834,1,with oil,6,0,1044,3,False,2020-01-05T17:00:00,Completed
659,100000332,101011.0,90,2020-01-05T19:15:00,False,None,116831,1,,2,0,1011,3,False,2020-01-05T17:45:00,Completed
660,100007080,101206.0,60,2020-01-05T20:30:00,False,Female,116845,1,,21,0,1095,3,False,2020-01-05T19:30:00,Completed
661,100008350,102236.0,30,2020-01-05T21:00:00,True,None,116846,1,,4,0,2138,3,False,2020-01-05T20:30:00,Completed
662,100000599,102252.0,15,2020-01-05T11:15:00,False,None,116761,1,,8,0,2146,100000004,False,2020-01-05T11:00:00,Completed
663,100008342,101186.0,60,2020-01-05T14:30:00,True,None,116819,1,,19,0,1105,100000004,False,2020-01-05T13:30:00,Completed
664,100008103,101030.0,60,2020-01-05T15:45:00,False,None,116822,1,75142262,5,0,1024,100000004,False,2020-01-05T14:45:00,Completed
665,100000599,102252.0,15,2020-01-05T11:15:00,False,None,116775,1,,8,0,2146,100000022,False,2020-01-05T11:00:00,Completed
666,100008341,101131.0,90,2020-01-05T15:00:00,True,None,116816,1,,4,0,1079,100000022,False,2020-01-05T13:30:00,Completed
667,100007418,101007.0,60,2020-01-05T16:00:00,False,None,116781,1,,4,0,1007,100000022,True,2020-01-05T15:00:00,Completed
668,100007985,101030.0,60,2020-01-05T18:00:00,False,None,116828,1,,5,0,1024,100000022,False,2020-01-05T17:00:00,Completed
669,100008347,101009.0,30,2020-01-05T18:30:00,True,None,116837,1,,2,0,1009,100000022,False,2020-01-05T18:00:00,Completed
670,100008347,101008.0,30,2020-01-05T19:00:00,True,None,116838,1,,4,0,1008,100000022,False,2020-01-05T18:30:00,Completed
671,100008350,102236.0,30,2020-01-05T21:00:00,True,None,116849,1,,4,0,2138,100000022,False,2020-01-05T20:30:00,Completed
672,100007408,101186.0,60,2020-01-05T14:00:00,False,None,116823,1,,19,0,1105,100000033,False,2020-01-05T13:00:00,NoShow
673,100000599,102252.0,15,2020-01-05T11:15:00,False,None,116774,1,,8,0,2146,100000037,False,2020-01-05T11:00:00,Completed
674,100006376,101047.0,60,2020-01-05T14:00:00,False,None,116818,1,,7,0,1039,100000037,True,2020-01-05T13:00:00,Completed
675,100008343,101030.0,60,2020-01-05T15:30:00,True,None,116825,1,,5,0,1024,100000037,False,2020-01-05T14:30:00,Completed
676,100008344,100003.0,60,2020-01-05T17:00:00,True,None,116832,1,,2,0,5,100000037,False,2020-01-05T16:00:00,Completed
677,100008349,101186.0,60,2020-01-05T18:30:00,True,None,116844,1,,19,0,1105,100000037,False,2020-01-05T17:30:00,Completed
678,100001640,100003.0,60,2020-01-05T20:00:00,False,None,116843,1,,2,0,5,100000037,False,2020-01-05T19:00:00,Completed
679,100008350,102236.0,30,2020-01-05T21:00:00,True,None,116847,1,,4,0,2138,100000037,False,2020-01-05T20:30:00,Completed
680,100000599,102252.0,15,2020-01-05T11:15:00,False,None,116763,1,,8,0,2146,100000061,False,2020-01-05T11:00:00,Completed
681,100008317,101186.0,60,2020-01-05T12:15:00,True,None,116757,1,,19,0,1105,100000061,False,2020-01-05T11:15:00,Completed
682,100008342,101186.0,60,2020-01-05T14:30:00,True,None,116820,1,,19,0,1105,100000061,False,2020-01-05T13:30:00,Completed
683,100008345,101011.0,90,2020-01-05T16:15:00,True,Female,116833,1,,2,0,1011,100000061,False,2020-01-05T14:45:00,Completed
684,100005871,101030.0,60,2020-01-05T17:45:00,False,Female,116835,1,,5,0,1024,100000061,True,2020-01-05T16:45:00,Completed
685,100008348,101053.0,60,2020-01-05T19:00:00,True,Female,116841,1,,6,0,1045,100000061,False,2020-01-05T18:00:00,Completed
686,100008350,102236.0,30,2020-01-05T21:00:00,True,None,116848,1,,4,0,2138,100000061,False,2020-01-05T20:30:00,Completed
687,100008328,100003.0,60,2020-01-04T14:30:00,True,None,116784,1,,2,0,5,3,False,2020-01-04T13:30:00,Completed
688,100008329,102237.0,45,2020-01-04T15:30:00,True,None,116786,1,,4,0,2139,3,False,2020-01-04T14:45:00,Completed
689,100008334,100003.0,60,2020-01-04T17:00:00,True,None,116794,1,,2,0,5,3,False,2020-01-04T16:00:00,Completed
690,100007437,101109.0,90,2020-01-04T21:30:00,False,None,116788,1,,2,0,1011,3,True,2020-01-04T20:00:00,Completed
691,100008333,101126.0,45,2020-01-04T17:00:00,True,None,116793,1,,4,0,1074,100000001,False,2020-01-04T16:15:00,Completed
692,100004909,101093.0,60,2020-01-04T18:15:00,False,None,116796,1,,2,0,5,100000001,False,2020-01-04T17:15:00,Completed
693,100008335,100003.0,60,2020-01-04T20:00:00,True,None,116799,1,,2,0,5,100000001,False,2020-01-04T19:00:00,Completed
694,100008338,101009.0,15,2020-01-04T20:15:00,True,None,116813,1,,2,0,1009,100000001,False,2020-01-04T20:00:00,Completed
695,100007768,101093.0,60,2020-01-04T15:00:00,False,None,115968,1,bottle of CHAMPAGNE,5,0,1024,100000022,False,2020-01-04T14:00:00,Completed
696,100008327,101011.0,90,2020-01-04T16:30:00,True,None,116783,1,,2,0,1011,100000022,False,2020-01-04T15:00:00,Completed
697,100008334,101035.0,60,2020-01-04T17:30:00,True,None,116798,1,,10,0,1028,100000022,False,2020-01-04T16:30:00,Completed
698,100008336,102218.0,20,2020-01-04T18:35:00,True,None,116805,1,,19,0,2126,100000022,False,2020-01-04T18:15:00,Completed
699,100008337,101028.0,30,2020-01-04T19:45:00,True,None,116810,1,,5,0,1022,100000022,False,2020-01-04T19:15:00,Completed
700,100008340,100003.0,60,2020-01-04T21:30:00,True,None,116815,1,,2,0,5,100000022,False,2020-01-04T20:30:00,Completed
701,100008328,101035.0,60,2020-01-04T14:30:00,True,None,116785,1,,10,0,1028,100000055,False,2020-01-04T13:30:00,Completed
702,100008272,101030.0,60,2020-01-04T16:00:00,True,None,116638,1,,5,0,1024,100000055,False,2020-01-04T15:00:00,Completed
703,100008333,101126.0,45,2020-01-04T17:00:00,True,None,116792,1,,4,0,1074,100000055,False,2020-01-04T16:15:00,Completed
704,100008313,101031.0,90,2020-01-04T19:00:00,False,None,116789,1,,5,0,1025,100000055,False,2020-01-04T17:30:00,Completed
705,100008337,101008.0,30,2020-01-04T19:45:00,True,None,116809,1,,4,0,1008,100000055,False,2020-01-04T19:15:00,Completed
706,100008339,101053.0,60,2020-01-04T21:30:00,True,None,116814,1,,6,0,1045,100000055,False,2020-01-04T20:30:00,Completed
707,100008318,101011.0,90,2020-01-04T13:30:00,True,None,116760,1,,2,0,1011,100000061,False,2020-01-04T12:00:00,Completed
708,100007768,101093.0,60,2020-01-04T15:00:00,False,None,115967,1,bottle of CHAMPAGNE,5,0,1024,100000061,False,2020-01-04T14:00:00,Completed
709,100008327,101011.0,90,2020-01-04T16:30:00,True,None,116782,1,,2,0,1011,100000061,False,2020-01-04T15:00:00,Completed
710,100008334,101035.0,60,2020-01-04T17:30:00,True,None,116797,1,,10,0,1028,100000061,False,2020-01-04T16:30:00,Completed
711,100003795,101110.0,60,2020-01-04T19:00:00,False,None,116790,1,,2,0,5,100000061,True,2020-01-04T18:00:00,Completed
712,100008331,100003.0,30,2020-01-04T21:30:00,True,Female,116791,1,,2,0,5,100000061,False,2020-01-04T21:00:00,Completed
713,100008288,100003.0,60,2020-01-03T16:30:00,False,None,116758,1,,2,0,5,3,True,2020-01-03T15:30:00,Completed
714,100008320,101010.0,45,2020-01-03T18:15:00,True,None,116768,1,,2,0,1010,3,False,2020-01-03T17:30:00,Completed
715,100008321,101187.0,105,2020-01-03T20:30:00,True,None,116769,1,,21,0,1106,3,False,2020-01-03T18:45:00,Completed
716,100008324,100003.0,60,2020-01-03T21:30:00,True,None,116778,1,,2,0,5,3,False,2020-01-03T20:30:00,Completed
717,100008253,101008.0,30,2020-01-03T13:30:00,True,None,116583,1,,4,0,1008,100000004,False,2020-01-03T13:00:00,Completed
718,100008302,101030.0,60,2020-01-03T14:45:00,True,Female,116717,1,Rachelrhe***@gmail.com•58675977,5,0,1024,100000004,False,2020-01-03T13:45:00,Completed
719,100002523,101030.0,60,2020-01-03T17:00:00,False,Female,116755,1,,5,0,1024,100000004,True,2020-01-03T16:00:00,Completed
720,100007506,100003.0,60,2020-01-03T18:15:00,False,None,116508,1,,2,0,5,100000004,True,2020-01-03T17:15:00,Completed
721,100006126,102218.0,20,2020-01-03T18:50:00,False,None,116773,1,,19,0,2126,100000004,False,2020-01-03T18:30:00,Completed
722,100008313,101126.0,45,2020-01-03T13:15:00,True,None,116745,1,,4,0,1074,100000022,False,2020-01-03T12:30:00,Completed
723,100007637,101109.0,90,2020-01-03T15:45:00,False,None,116753,1,,3,0,1032,100000022,True,2020-01-03T14:15:00,Completed
724,100008314,101030.0,60,2020-01-03T18:00:00,True,None,116744,1,,5,0,1024,100000022,False,2020-01-03T17:00:00,Completed
725,100006747,101109.0,90,2020-01-03T20:00:00,False,None,116738,1,,2,0,1011,100000022,True,2020-01-03T18:30:00,Completed
726,100006608,100003.0,60,2020-01-03T21:15:00,True,None,116779,1,,2,0,5,100000022,False,2020-01-03T20:15:00,Completed
727,100008311,,60,2020-01-03T12:15:00,True,None,116742,1,$54.50,2,0,5,100000033,False,2020-01-03T11:15:00,NoShow
728,100008315,100003.0,60,2020-01-03T13:30:00,True,None,116746,1,,2,0,5,100000037,False,2020-01-03T12:30:00,Completed
729,100005520,101109.0,90,2020-01-03T16:15:00,False,None,116759,1,,2,0,1011,100000037,True,2020-01-03T14:45:00,Completed
730,100008292,101030.0,60,2020-01-03T17:45:00,True,None,116697,1,,5,0,1024,100000037,False,2020-01-03T16:45:00,Completed
731,100000112,101011.0,90,2020-01-03T19:30:00,False,None,116751,1,,2,0,1011,100000037,True,2020-01-03T18:00:00,Completed
732,100008325,100003.0,60,2020-01-03T21:15:00,True,None,116780,1,,2,0,5,100000055,False,2020-01-03T20:15:00,Completed
733,100008299,101011.0,90,2020-01-03T12:30:00,False,None,116731,1,,2,0,1011,100000061,True,2020-01-03T11:00:00,Completed
734,100008190,101009.0,15,2020-01-03T13:00:00,False,None,116752,1,,2,0,1009,100000061,False,2020-01-03T12:45:00,Completed
735,100008096,101203.0,90,2020-01-03T14:30:00,True,None,116644,1,,19,0,1120,100000061,False,2020-01-03T13:00:00,Completed
736,100000008,101039.0,60,2020-01-03T16:00:00,False,None,116750,1,$60,3,0,1005,100000061,False,2020-01-03T15:00:00,Completed
737,100002523,101030.0,60,2020-01-03T17:15:00,False,Female,116756,1,,5,0,1024,100000061,False,2020-01-03T16:15:00,Completed
738,100006725,100003.0,60,2020-01-03T18:30:00,False,Female,116767,1,,2,0,5,100000061,False,2020-01-03T17:30:00,Completed
739,100008316,101030.0,60,2020-01-03T20:00:00,True,None,116749,1,,5,0,1024,100000061,False,2020-01-03T19:00:00,Completed
740,100008322,100003.0,45,2020-01-03T21:30:00,True,None,116777,1,,2,0,5,100000061,False,2020-01-03T20:45:00,Completed
741,100005126,101008.0,30,2020-01-02T14:30:00,False,Female,116709,1,"No 8
30 min gift card. ",4,0,1008,3,False,2020-01-02T14:00:00,Completed
742,100000466,,30,2020-01-02T15:00:00,False,None,116716,1,,19,0,1087,3,False,2020-01-02T14:30:00,NoShow
743,100008303,101191.0,10,2020-01-02T15:10:00,True,None,116718,1,,6,0,1109,3,False,2020-01-02T15:00:00,Completed
744,100008303,101191.0,10,2020-01-02T15:25:00,True,None,116719,1,,6,0,1109,3,False,2020-01-02T15:15:00,Completed
745,100008304,101009.0,15,2020-01-02T15:45:00,True,None,116720,1,,2,0,1009,3,False,2020-01-02T15:30:00,Completed
746,100008304,101009.0,15,2020-01-02T16:15:00,True,None,116722,1,,2,0,1009,3,False,2020-01-02T16:00:00,Completed
747,100008204,101186.0,60,2020-01-02T17:30:00,False,None,116734,1,,19,0,1105,3,False,2020-01-02T16:30:00,Completed
748,100008204,101204.0,30,2020-01-02T18:00:00,False,None,116733,1,,5,0,1022,3,False,2020-01-02T17:30:00,Completed
749,100008308,102237.0,60,2020-01-02T19:00:00,True,None,116729,1,,4,0,2139,3,False,2020-01-02T18:00:00,Completed
750,100008306,101030.0,60,2020-01-02T21:00:00,True,None,116728,1,,5,0,1024,3,False,2020-01-02T20:00:00,Completed
751,100008310,101011.0,30,2020-01-02T21:30:00,True,None,116741,1,,2,0,1011,3,False,2020-01-02T21:00:00,Completed
752,100007944,101110.0,60,2020-01-02T13:00:00,False,None,116669,1,,2,0,5,100000022,True,2020-01-02T12:00:00,Completed
753,100007944,101110.0,60,2020-01-02T14:00:00,False,None,116670,1,,2,0,5,100000022,True,2020-01-02T13:00:00,Completed
754,100008301,100003.0,60,2020-01-02T16:00:00,True,Male,116714,1,a. fariasaef***@yahoo.com•97047166,2,0,5,100000022,False,2020-01-02T15:00:00,Completed
755,100008299,101030.0,60,2020-01-02T17:00:00,True,None,116713,1,,5,0,1024,100000022,False,2020-01-02T16:00:00,Completed
756,100008305,101006.0,30,2020-01-02T17:30:00,True,None,116725,1,,2,0,1006,100000022,False,2020-01-02T17:00:00,Completed
757,100008307,100003.0,60,2020-01-02T18:45:00,True,None,116727,1,,2,0,5,100000022,False,2020-01-02T17:45:00,Completed
758,100005971,100003.0,60,2020-01-02T20:00:00,False,None,116730,1,,2,0,5,100000022,False,2020-01-02T19:00:00,Completed
759,100000466,,60,2020-01-02T14:30:00,False,None,116710,1,,19,0,1110,100000033,False,2020-01-02T13:30:00,NoShow
760,100003795,101110.0,60,2020-01-02T13:00:00,False,None,116739,1,,2,0,5,100000061,False,2020-01-02T12:00:00,Completed
761,100008298,100003.0,60,2020-01-02T14:00:00,True,None,116711,1,,2,0,5,100000061,False,2020-01-02T13:00:00,Completed
762,100008294,101203.0,90,2020-01-02T15:30:00,True,None,116702,1,"Juliette Szymoniakszy***@gmail.com•5809059
",19,0,1120,100000061,False,2020-01-02T14:00:00,Completed
763,100008304,101009.0,15,2020-01-02T16:00:00,True,None,116721,1,,2,0,1009,100000061,False,2020-01-02T15:45:00,Completed
764,100008299,100003.0,60,2020-01-02T17:00:00,True,None,116712,1,,2,0,5,100000061,False,2020-01-02T16:00:00,Completed
765,100008305,101006.0,30,2020-01-02T17:30:00,True,None,116724,1,,2,0,1006,100000061,False,2020-01-02T17:00:00,Completed
766,100008309,101006.0,30,2020-01-02T19:00:00,True,None,116732,1,,2,0,1006,100000061,False,2020-01-02T18:30:00,Completed
767,100003756,101035.0,60,2020-01-02T20:00:00,False,None,116735,1,,10,0,1028,100000061,False,2020-01-02T19:00:00,Completed
768,100008306,101030.0,60,2020-01-02T21:00:00,True,None,116726,1,$55,5,0,1024,100000061,False,2020-01-02T20:00:00,Completed
769,100008310,101011.0,30,2020-01-02T21:30:00,True,None,116740,1,,2,0,1011,100000061,False,2020-01-02T21:00:00,Completed
770,100008284,101030.0,60,2020-01-01T14:30:00,True,None,116684,1,,5,0,1024,3,False,2020-01-01T13:30:00,Completed
771,100006648,101100.0,90,2020-01-01T16:15:00,False,None,116683,1,,2,0,1011,3,False,2020-01-01T14:45:00,Completed
772,100006309,101194.0,60,2020-01-01T17:15:00,False,None,116695,1,,21,0,1111,3,False,2020-01-01T16:15:00,Completed
773,100008293,101011.0,90,2020-01-01T19:00:00,True,None,116701,1,,2,0,1011,3,False,2020-01-01T17:30:00,Completed
774,100008297,101008.0,30,2020-01-01T21:00:00,True,None,116706,1,,4,0,1008,3,False,2020-01-01T20:30:00,Arrived
775,100008297,,30,2020-01-01T21:30:00,True,None,116707,1,,4,0,1008,3,False,2020-01-01T21:00:00,Arrived
776,100008284,101030.0,60,2020-01-01T14:30:00,True,None,116685,1,$60,5,0,1024,100000004,False,2020-01-01T13:30:00,Completed
777,100008288,101126.0,45,2020-01-01T15:45:00,True,None,116690,1,,4,0,1074,100000004,False,2020-01-01T15:00:00,Completed
778,100008290,100003.0,60,2020-01-01T17:00:00,True,None,116692,1,,2,0,5,100000004,False,2020-01-01T16:00:00,Completed
779,100007970,101035.0,60,2020-01-01T18:30:00,False,Female,116699,1,,10,0,1028,100000004,False,2020-01-01T17:30:00,Completed
780,100008285,100003.0,60,2020-01-01T13:30:00,True,None,116686,1,,2,0,5,100000022,False,2020-01-01T12:30:00,Completed
781,100008287,101035.0,60,2020-01-01T15:00:00,True,None,116688,1,,10,0,1028,100000022,False,2020-01-01T14:00:00,Completed
782,100006309,101006.0,30,2020-01-01T16:00:00,False,None,116694,1,,2,0,1006,100000022,False,2020-01-01T15:30:00,Completed
783,100008290,100003.0,60,2020-01-01T17:00:00,True,None,116693,1,,2,0,5,100000022,False,2020-01-01T16:00:00,Completed
784,100007970,101053.0,60,2020-01-01T18:30:00,False,Female,116700,1,,6,0,1045,100000022,False,2020-01-01T17:30:00,Completed
785,100008295,100003.0,60,2020-01-01T19:45:00,True,None,116703,1,,2,0,5,100000022,False,2020-01-01T18:45:00,Completed
786,100003188,101006.0,30,2020-01-01T13:00:00,False,None,116689,1,,2,0,1006,100000061,False,2020-01-01T12:30:00,Completed
787,100008273,101030.0,60,2020-01-01T14:00:00,True,None,116640,1,,5,0,1024,100000061,False,2020-01-01T13:00:00,Completed
788,100008286,101011.0,90,2020-01-01T15:45:00,True,Female,116687,1,,2,0,1011,100000061,False,2020-01-01T14:15:00,Completed
789,100008289,101058.0,45,2020-01-01T16:45:00,True,None,116691,1,,10,0,1050,100000061,False,2020-01-01T16:00:00,Completed
790,100008291,100003.0,60,2020-01-01T18:00:00,True,None,116696,1,,2,0,5,100000061,False,2020-01-01T17:00:00,Completed
791,100001213,101093.0,75,2020-01-01T19:30:00,False,Male,116655,1,,2,0,5,100000061,False,2020-01-01T18:15:00,Completed
792,100006373,100003.0,60,2020-01-01T20:45:00,False,None,116704,1,,2,0,5,100000061,False,2020-01-01T19:45:00,Completed
793,100008296,101035.0,30,2020-01-01T21:30:00,True,None,116705,1,,10,0,1028,100000061,False,2020-01-01T21:00:00,Completed
0,100005595,,120,2020-01-10T13:30:00,False,None,116940,1,,8,0,2124,3,False,2020-01-10T11:30:00,NoShow
1,100004735,101156.0,45,2020-01-10T19:45:00,False,None,116958,1,,21,0,1097,3,True,2020-01-10T19:00:00,Completed
2,100008397,101191.0,10,2020-01-10T21:10:00,True,None,116978,1,,6,0,1109,3,False,2020-01-10T21:00:00,Completed
3,100006303,101102.0,45,2020-01-10T14:45:00,False,None,116917,1,,2,0,1010,100000004,False,2020-01-10T14:00:00,Completed
4,100007681,101030.0,60,2020-01-10T12:15:00,False,None,116957,1,,5,0,1024,100000022,False,2020-01-10T11:15:00,Completed
5,100008390,101007.0,60,2020-01-10T14:30:00,True,None,116959,1,,4,0,1007,100000022,False,2020-01-10T13:30:00,Completed
6,100007329,101006.0,30,2020-01-10T15:45:00,False,None,116964,1,,2,0,1006,100000022,False,2020-01-10T15:15:00,Completed
7,100008397,101191.0,10,2020-01-10T21:10:00,True,None,116977,1,,6,0,1109,100000022,False,2020-01-10T21:00:00,Completed
8,100008389,100003.0,60,2020-01-10T14:00:00,True,None,116955,1,"Wants strong
Referred by Nick White",2,0,5,100000037,False,2020-01-10T13:00:00,Completed
9,100008392,102236.0,30,2020-01-10T15:15:00,True,None,116963,1,,4,0,2138,100000037,False,2020-01-10T14:45:00,Completed
10,100008387,101030.0,60,2020-01-10T21:00:00,True,None,116952,1,"$36 dollar, groupon has 20% off",5,0,1024,100000037,False,2020-01-10T20:00:00,Completed
11,100003561,101110.0,90,2020-01-10T19:30:00,False,None,116971,1,,2,0,5,100000038,False,2020-01-10T18:00:00,Completed
12,100008397,101191.0,10,2020-01-10T21:10:00,True,None,116976,1,,6,0,1109,100000038,False,2020-01-10T21:00:00,Completed
13,100008388,102237.0,45,2020-01-10T11:45:00,True,None,116953,1,,4,0,2139,100000061,False,2020-01-10T11:00:00,Completed
14,100003613,101110.0,60,2020-01-10T13:00:00,False,Female,116956,1,,5,0,1024,100000061,False,2020-01-10T12:00:00,Completed
15,100008391,102236.0,30,2020-01-10T15:15:00,True,None,116960,1,,4,0,2138,100000061,False,2020-01-10T14:45:00,Completed
16,100008397,101191.0,10,2020-01-10T21:10:00,True,None,116975,1,,6,0,1109,100000061,False,2020-01-10T21:00:00,Completed
0,100000811,101109.0,90,2020-01-09T17:00:00,False,None,116945,1,,2,0,1011,3,True,2020-01-09T15:30:00,Completed
1,100000363,100003.0,60,2020-01-09T19:00:00,False,None,116946,1,,2,0,5,3,False,2020-01-09T18:00:00,Completed
2,100004735,101187.0,30,2020-01-09T21:30:00,False,None,116951,1,,21,0,1106,3,True,2020-01-09T21:00:00,NoShow
3,100007622,101006.0,30,2020-01-09T13:15:00,False,None,116942,1,,2,0,1006,100000022,False,2020-01-09T12:45:00,Completed
4,100008386,101007.0,60,2020-01-09T20:00:00,True,None,116947,1,,4,0,1007,100000022,False,2020-01-09T19:00:00,Completed
5,100000599,,180,2020-01-09T14:00:00,False,None,116503,1,,8,0,1123,100000033,False,2020-01-09T11:00:00,NoShow
6,100000381,101194.0,60,2020-01-09T15:45:00,False,None,116949,1,,21,0,1111,100000037,False,2020-01-09T14:45:00,Completed
7,100008373,101006.0,30,2020-01-09T11:30:00,True,None,116909,1,,2,0,1006,100000061,False,2020-01-09T11:00:00,Completed
8,100008386,101007.0,60,2020-01-09T20:00:00,True,None,116948,1,,4,0,1007,100000061,False,2020-01-09T19:00:00,Completed
0,100008374,101008.0,30,2020-01-08T13:00:00,True,None,116911,1,,4,0,1008,3,False,2020-01-08T12:30:00,Completed
1,100004591,101026.0,120,2020-01-08T15:45:00,False,None,116913,1,,2,0,1020,3,True,2020-01-08T13:45:00,Completed
2,100008377,100003.0,60,2020-01-08T17:00:00,True,None,116922,1,,2,0,5,3,False,2020-01-08T16:00:00,Completed
3,100000477,101006.0,30,2020-01-08T17:30:00,False,None,116925,1,,2,0,1006,3,False,2020-01-08T17:00:00,Completed
4,100008379,101030.0,60,2020-01-08T18:30:00,True,None,116929,1,,5,0,1024,3,False,2020-01-08T17:30:00,Completed
5,100008365,101030.0,60,2020-01-08T12:15:00,True,None,116885,1,,5,0,1024,100000004,False,2020-01-08T11:15:00,Completed
6,100008367,100003.0,60,2020-01-08T14:00:00,True,None,116890,1,,2,0,5,100000004,False,2020-01-08T13:00:00,Completed
7,100005591,101203.0,90,2020-01-08T15:30:00,False,None,116908,1,,19,0,1120,100000004,False,2020-01-08T14:00:00,Completed
8,100007682,101039.0,60,2020-01-08T17:15:00,False,None,116910,1,,3,0,1005,100000004,False,2020-01-08T16:15:00,Completed
9,100008380,101030.0,60,2020-01-08T19:00:00,True,None,116930,1,,5,0,1024,100000004,False,2020-01-08T18:00:00,Completed
10,100008372,101126.0,45,2020-01-08T12:15:00,True,None,116907,1,,4,0,1074,100000022,False,2020-01-08T11:30:00,Completed
11,100008367,101053.0,60,2020-01-08T14:00:00,True,None,116891,1,dt combo,6,0,1045,100000022,False,2020-01-08T13:00:00,Completed
12,100001960,100003.0,60,2020-01-08T15:45:00,False,None,116920,1,,2,0,5,100000022,False,2020-01-08T14:45:00,Completed
13,100008377,100003.0,60,2020-01-08T17:00:00,True,None,116923,1,,2,0,5,100000022,False,2020-01-08T16:00:00,Completed
14,100003772,101011.0,90,2020-01-08T19:15:00,False,None,116919,1,,2,0,1011,100000022,True,2020-01-08T17:45:00,Completed
15,100004991,101011.0,60,2020-01-08T21:30:00,False,None,116936,1,,2,0,1011,100000022,True,2020-01-08T20:30:00,Completed
16,100000599,,15,2020-01-08T11:45:00,False,None,116887,1,Brett - Yelp,8,0,2146,100000033,False,2020-01-08T11:30:00,NoShow
17,100008332,101030.0,60,2020-01-08T12:45:00,True,None,116801,1,,5,0,1024,100000037,False,2020-01-08T11:45:00,Completed
18,100008375,100003.0,60,2020-01-08T15:00:00,True,None,116914,1,$55,2,0,5,100000037,False,2020-01-08T14:00:00,Completed
19,100008378,101032.0,120,2020-01-08T18:00:00,True,None,116924,1,,5,0,1026,100000037,False,2020-01-08T16:00:00,Completed
20,100005495,,30,2020-01-08T18:30:00,False,None,116931,1,,8,0,1118,100000037,False,2020-01-08T18:00:00,NoShow
21,100008170,101008.0,30,2020-01-08T19:15:00,False,Female,116935,1,,4,0,1008,100000037,False,2020-01-08T18:45:00,Completed
22,100008382,,60,2020-01-08T21:30:00,True,None,116937,1,,5,0,1024,100000037,False,2020-01-08T20:30:00,NoShow
23,100008371,100003.0,60,2020-01-08T12:00:00,True,None,116906,1,,2,0,5,100000061,False,2020-01-08T11:00:00,Completed
24,100008374,101008.0,30,2020-01-08T13:00:00,True,None,116912,1,,4,0,1008,100000061,False,2020-01-08T12:30:00,Completed
25,100007483,101008.0,30,2020-01-08T14:00:00,False,None,116916,1,,4,0,1008,100000061,False,2020-01-08T13:30:00,Completed
26,100008375,100003.0,60,2020-01-08T15:00:00,True,None,116915,1,$55,2,0,5,100000061,False,2020-01-08T14:00:00,Completed
27,100008177,101092.0,60,2020-01-08T16:30:00,False,Male,116895,1,,5,0,1024,100000061,False,2020-01-08T15:30:00,Completed
28,100008376,101026.0,120,2020-01-08T18:30:00,True,None,116921,1,,2,0,1020,100000061,False,2020-01-08T16:30:00,Completed
29,100008381,101008.0,30,2020-01-08T19:15:00,True,Female,116933,1,,4,0,1008,100000061,True,2020-01-08T18:45:00,Completed
30,100008383,101030.0,30,2020-01-08T21:30:00,True,None,116939,1,,5,0,1024,100000061,False,2020-01-08T21:00:00,Completed
0,100008363,101035.0,60,2020-01-07T14:30:00,True,None,116882,1,,10,0,1028,3,False,2020-01-07T13:30:00,Completed
1,100008351,101031.0,90,2020-01-07T16:00:00,True,None,116850,1,,5,0,1025,3,False,2020-01-07T14:30:00,Completed
2,100000206,101194.0,60,2020-01-07T17:15:00,False,None,116879,1,,21,0,1111,3,True,2020-01-07T16:15:00,Completed
3,100000206,101010.0,45,2020-01-07T18:00:00,False,None,116880,1,,2,0,1010,3,True,2020-01-07T17:15:00,Completed
4,100005259,100003.0,60,2020-01-07T19:15:00,False,None,116889,1,25%,2,0,5,3,True,2020-01-07T18:15:00,Completed
5,100005495,,30,2020-01-07T19:45:00,False,None,116900,1,,8,0,1118,3,False,2020-01-07T19:15:00,NoShow
6,100004862,101010.0,45,2020-01-07T14:00:00,False,None,116878,1,,2,0,1010,100000004,False,2020-01-07T13:15:00,Completed
7,100007329,101006.0,30,2020-01-07T14:45:00,False,None,116886,1,,2,0,1006,100000004,False,2020-01-07T14:15:00,Completed
8,100000320,101110.0,90,2020-01-07T16:30:00,False,None,116877,1,,2,0,5,100000004,False,2020-01-07T15:00:00,Completed
9,100008363,100003.0,60,2020-01-07T14:30:00,True,None,116883,1,,2,0,5,100000037,False,2020-01-07T13:30:00,Completed
10,100000320,101110.0,90,2020-01-07T16:30:00,False,None,116876,1,,2,0,5,100000037,False,2020-01-07T15:00:00,Completed
11,100008368,101031.0,90,2020-01-07T18:30:00,True,None,116894,1,,5,0,1025,100000037,False,2020-01-07T17:00:00,Completed
12,100008364,101030.0,60,2020-01-07T20:00:00,True,None,116884,1,,5,0,1024,100000037,False,2020-01-07T19:00:00,Completed
13,100008362,101010.0,45,2020-01-07T13:00:00,True,None,116881,1,,2,0,1010,100000061,False,2020-01-07T12:15:00,Completed
14,100000599,,60,2020-01-07T17:30:00,False,None,116893,1,,8,0,1123,100000061,False,2020-01-07T16:30:00,NoShow
15,100004050,101102.0,45,2020-01-07T18:15:00,False,None,116888,1,,2,0,1010,100000061,False,2020-01-07T17:30:00,Completed
16,100000377,101134.0,10,2020-01-07T18:25:00,False,None,116899,1,,19,0,1082,100000061,False,2020-01-07T18:15:00,Completed
17,100000451,101010.0,45,2020-01-07T19:15:00,False,None,116898,1,,2,0,1010,100000061,False,2020-01-07T18:30:00,Completed
18,100008369,101029.0,45,2020-01-07T21:45:00,True,None,116904,1,,5,0,1023,100000061,False,2020-01-07T21:00:00,Completed
0,100008353,101028.0,30,2020-01-06T16:30:00,True,None,116853,1,,5,0,1022,3,False,2020-01-06T16:00:00,Completed
1,100007178,101011.0,90,2020-01-06T19:00:00,False,None,116861,1,,2,0,1011,3,True,2020-01-06T17:30:00,Completed
2,100008360,100003.0,60,2020-01-06T20:00:00,True,None,116871,1,,2,0,5,3,False,2020-01-06T19:00:00,Completed
3,100008170,101011.0,90,2020-01-06T21:30:00,False,Female,116874,1,,2,0,1011,3,False,2020-01-06T20:00:00,Completed
4,100008355,101126.0,60,2020-01-06T16:30:00,True,None,116855,1,,4,0,1074,100000004,False,2020-01-06T15:30:00,Completed
5,100008357,101008.0,30,2020-01-06T18:15:00,True,None,116866,1,,4,0,1008,100000004,False,2020-01-06T17:45:00,Completed
6,100008361,101154.0,75,2020-01-06T19:45:00,True,None,116869,1,,21,0,1095,100000004,False,2020-01-06T18:30:00,Completed
7,100008355,101126.0,60,2020-01-06T16:30:00,True,None,116856,1,,4,0,1074,100000022,False,2020-01-06T15:30:00,Completed
8,100008358,101008.0,30,2020-01-06T18:15:00,True,None,116867,1,,4,0,1008,100000022,False,2020-01-06T17:45:00,Completed
9,100008361,102238.0,60,2020-01-06T19:30:00,True,None,116870,1,,4,0,2140,100000022,False,2020-01-06T18:30:00,Completed
10,100008170,101059.0,90,2020-01-06T21:30:00,False,Female,116873,1,,10,0,1051,100000022,False,2020-01-06T20:00:00,Completed
11,100008352,100003.0,60,2020-01-06T13:00:00,True,None,116851,1,,2,0,5,100000061,False,2020-01-06T12:00:00,Completed
12,100008353,101028.0,30,2020-01-06T16:30:00,True,None,116852,1,,5,0,1022,100000061,False,2020-01-06T16:00:00,Completed
13,100008359,101030.0,60,2020-01-06T19:30:00,True,None,116868,1,,5,0,1024,100000061,False,2020-01-06T18:30:00,Completed
14,100000001,101011.0,90,2020-01-06T21:30:00,False,None,116862,1,,2,0,1011,100000061,True,2020-01-06T20:00:00,Completed
0,100000599,102252.0,15,2020-01-05T11:15:00,False,None,116776,1,,8,0,2146,3,False,2020-01-05T11:00:00,Completed
1,100008171,101030.0,60,2020-01-05T13:00:00,False,None,116817,1,,5,0,1024,3,True,2020-01-05T12:00:00,Completed
2,100008343,101030.0,60,2020-01-05T15:15:00,True,None,116824,1,"Jacqueline Martinjma***@gmail.com•5184715, 49118505
",5,0,1024,3,False,2020-01-05T14:15:00,Completed
3,100000381,,45,2020-01-05T16:45:00,False,None,116836,1,,8,0,2124,3,False,2020-01-05T16:00:00,NoShow
4,100008346,101052.0,45,2020-01-05T17:45:00,True,None,116834,1,with oil,6,0,1044,3,False,2020-01-05T17:00:00,Completed
5,100000332,101011.0,90,2020-01-05T19:15:00,False,None,116831,1,,2,0,1011,3,False,2020-01-05T17:45:00,Completed
6,100007080,101206.0,60,2020-01-05T20:30:00,False,Female,116845,1,,21,0,1095,3,False,2020-01-05T19:30:00,Completed
7,100008350,102236.0,30,2020-01-05T21:00:00,True,None,116846,1,,4,0,2138,3,False,2020-01-05T20:30:00,Completed
8,100000599,102252.0,15,2020-01-05T11:15:00,False,None,116761,1,,8,0,2146,100000004,False,2020-01-05T11:00:00,Completed
9,100008342,101186.0,60,2020-01-05T14:30:00,True,None,116819,1,,19,0,1105,100000004,False,2020-01-05T13:30:00,Completed
10,100008103,101030.0,60,2020-01-05T15:45:00,False,None,116822,1,75142262,5,0,1024,100000004,False,2020-01-05T14:45:00,Completed
11,100000599,102252.0,15,2020-01-05T11:15:00,False,None,116775,1,,8,0,2146,100000022,False,2020-01-05T11:00:00,Completed
12,100008341,101131.0,90,2020-01-05T15:00:00,True,None,116816,1,,4,0,1079,100000022,False,2020-01-05T13:30:00,Completed
13,100007418,101007.0,60,2020-01-05T16:00:00,False,None,116781,1,,4,0,1007,100000022,True,2020-01-05T15:00:00,Completed
14,100007985,101030.0,60,2020-01-05T18:00:00,False,None,116828,1,,5,0,1024,100000022,False,2020-01-05T17:00:00,Completed
15,100008347,101009.0,30,2020-01-05T18:30:00,True,None,116837,1,,2,0,1009,100000022,False,2020-01-05T18:00:00,Completed
16,100008347,101008.0,30,2020-01-05T19:00:00,True,None,116838,1,,4,0,1008,100000022,False,2020-01-05T18:30:00,Completed
17,100008350,102236.0,30,2020-01-05T21:00:00,True,None,116849,1,,4,0,2138,100000022,False,2020-01-05T20:30:00,Completed
18,100007408,101186.0,60,2020-01-05T14:00:00,False,None,116823,1,,19,0,1105,100000033,False,2020-01-05T13:00:00,NoShow
19,100000599,102252.0,15,2020-01-05T11:15:00,False,None,116774,1,,8,0,2146,100000037,False,2020-01-05T11:00:00,Completed
20,100006376,101047.0,60,2020-01-05T14:00:00,False,None,116818,1,,7,0,1039,100000037,True,2020-01-05T13:00:00,Completed
21,100008343,101030.0,60,2020-01-05T15:30:00,True,None,116825,1,,5,0,1024,100000037,False,2020-01-05T14:30:00,Completed
22,100008344,100003.0,60,2020-01-05T17:00:00,True,None,116832,1,,2,0,5,100000037,False,2020-01-05T16:00:00,Completed
23,100008349,101186.0,60,2020-01-05T18:30:00,True,None,116844,1,,19,0,1105,100000037,False,2020-01-05T17:30:00,Completed
24,100001640,100003.0,60,2020-01-05T20:00:00,False,None,116843,1,,2,0,5,100000037,False,2020-01-05T19:00:00,Completed
25,100008350,102236.0,30,2020-01-05T21:00:00,True,None,116847,1,,4,0,2138,100000037,False,2020-01-05T20:30:00,Completed
26,100000599,102252.0,15,2020-01-05T11:15:00,False,None,116763,1,,8,0,2146,100000061,False,2020-01-05T11:00:00,Completed
27,100008317,101186.0,60,2020-01-05T12:15:00,True,None,116757,1,,19,0,1105,100000061,False,2020-01-05T11:15:00,Completed
28,100008342,101186.0,60,2020-01-05T14:30:00,True,None,116820,1,,19,0,1105,100000061,False,2020-01-05T13:30:00,Completed
29,100008345,101011.0,90,2020-01-05T16:15:00,True,Female,116833,1,,2,0,1011,100000061,False,2020-01-05T14:45:00,Completed
30,100005871,101030.0,60,2020-01-05T17:45:00,False,Female,116835,1,,5,0,1024,100000061,True,2020-01-05T16:45:00,Completed
31,100008348,101053.0,60,2020-01-05T19:00:00,True,Female,116841,1,,6,0,1045,100000061,False,2020-01-05T18:00:00,Completed
32,100008350,102236.0,30,2020-01-05T21:00:00,True,None,116848,1,,4,0,2138,100000061,False,2020-01-05T20:30:00,Completed
0,100008328,100003.0,60,2020-01-04T14:30:00,True,None,116784,1,,2,0,5,3,False,2020-01-04T13:30:00,Completed
1,100008329,102237.0,45,2020-01-04T15:30:00,True,None,116786,1,,4,0,2139,3,False,2020-01-04T14:45:00,Completed
2,100008334,100003.0,60,2020-01-04T17:00:00,True,None,116794,1,,2,0,5,3,False,2020-01-04T16:00:00,Completed
3,100007437,101109.0,90,2020-01-04T21:30:00,False,None,116788,1,,2,0,1011,3,True,2020-01-04T20:00:00,Completed
4,100008333,101126.0,45,2020-01-04T17:00:00,True,None,116793,1,,4,0,1074,100000001,False,2020-01-04T16:15:00,Completed
5,100004909,101093.0,60,2020-01-04T18:15:00,False,None,116796,1,,2,0,5,100000001,False,2020-01-04T17:15:00,Completed
6,100008335,100003.0,60,2020-01-04T20:00:00,True,None,116799,1,,2,0,5,100000001,False,2020-01-04T19:00:00,Completed
7,100008338,101009.0,15,2020-01-04T20:15:00,True,None,116813,1,,2,0,1009,100000001,False,2020-01-04T20:00:00,Completed
8,100007768,101093.0,60,2020-01-04T15:00:00,False,None,115968,1,bottle of CHAMPAGNE,5,0,1024,100000022,False,2020-01-04T14:00:00,Completed
9,100008327,101011.0,90,2020-01-04T16:30:00,True,None,116783,1,,2,0,1011,100000022,False,2020-01-04T15:00:00,Completed
10,100008334,101035.0,60,2020-01-04T17:30:00,True,None,116798,1,,10,0,1028,100000022,False,2020-01-04T16:30:00,Completed
11,100008336,102218.0,20,2020-01-04T18:35:00,True,None,116805,1,,19,0,2126,100000022,False,2020-01-04T18:15:00,Completed
12,100008337,101028.0,30,2020-01-04T19:45:00,True,None,116810,1,,5,0,1022,100000022,False,2020-01-04T19:15:00,Completed
13,100008340,100003.0,60,2020-01-04T21:30:00,True,None,116815,1,,2,0,5,100000022,False,2020-01-04T20:30:00,Completed
14,100008328,101035.0,60,2020-01-04T14:30:00,True,None,116785,1,,10,0,1028,100000055,False,2020-01-04T13:30:00,Completed
15,100008272,101030.0,60,2020-01-04T16:00:00,True,None,116638,1,,5,0,1024,100000055,False,2020-01-04T15:00:00,Completed
16,100008333,101126.0,45,2020-01-04T17:00:00,True,None,116792,1,,4,0,1074,100000055,False,2020-01-04T16:15:00,Completed
17,100008313,101031.0,90,2020-01-04T19:00:00,False,None,116789,1,,5,0,1025,100000055,False,2020-01-04T17:30:00,Completed
18,100008337,101008.0,30,2020-01-04T19:45:00,True,None,116809,1,,4,0,1008,100000055,False,2020-01-04T19:15:00,Completed
19,100008339,101053.0,60,2020-01-04T21:30:00,True,None,116814,1,,6,0,1045,100000055,False,2020-01-04T20:30:00,Completed
20,100008318,101011.0,90,2020-01-04T13:30:00,True,None,116760,1,,2,0,1011,100000061,False,2020-01-04T12:00:00,Completed
21,100007768,101093.0,60,2020-01-04T15:00:00,False,None,115967,1,bottle of CHAMPAGNE,5,0,1024,100000061,False,2020-01-04T14:00:00,Completed
22,100008327,101011.0,90,2020-01-04T16:30:00,True,None,116782,1,,2,0,1011,100000061,False,2020-01-04T15:00:00,Completed
23,100008334,101035.0,60,2020-01-04T17:30:00,True,None,116797,1,,10,0,1028,100000061,False,2020-01-04T16:30:00,Completed
24,100003795,101110.0,60,2020-01-04T19:00:00,False,None,116790,1,,2,0,5,100000061,True,2020-01-04T18:00:00,Completed
25,100008331,100003.0,30,2020-01-04T21:30:00,True,Female,116791,1,,2,0,5,100000061,False,2020-01-04T21:00:00,Completed
0,100008288,100003.0,60,2020-01-03T16:30:00,False,None,116758,1,,2,0,5,3,True,2020-01-03T15:30:00,Completed
1,100008320,101010.0,45,2020-01-03T18:15:00,True,None,116768,1,,2,0,1010,3,False,2020-01-03T17:30:00,Completed
2,100008321,101187.0,105,2020-01-03T20:30:00,True,None,116769,1,,21,0,1106,3,False,2020-01-03T18:45:00,Completed
3,100008324,100003.0,60,2020-01-03T21:30:00,True,None,116778,1,,2,0,5,3,False,2020-01-03T20:30:00,Completed
4,100008253,101008.0,30,2020-01-03T13:30:00,True,None,116583,1,,4,0,1008,100000004,False,2020-01-03T13:00:00,Completed
5,100008302,101030.0,60,2020-01-03T14:45:00,True,Female,116717,1,Rachelrhe***@gmail.com•58675977,5,0,1024,100000004,False,2020-01-03T13:45:00,Completed
6,100002523,101030.0,60,2020-01-03T17:00:00,False,Female,116755,1,,5,0,1024,100000004,True,2020-01-03T16:00:00,Completed
7,100007506,100003.0,60,2020-01-03T18:15:00,False,None,116508,1,,2,0,5,100000004,True,2020-01-03T17:15:00,Completed
8,100006126,102218.0,20,2020-01-03T18:50:00,False,None,116773,1,,19,0,2126,100000004,False,2020-01-03T18:30:00,Completed
9,100008313,101126.0,45,2020-01-03T13:15:00,True,None,116745,1,,4,0,1074,100000022,False,2020-01-03T12:30:00,Completed
10,100007637,101109.0,90,2020-01-03T15:45:00,False,None,116753,1,,3,0,1032,100000022,True,2020-01-03T14:15:00,Completed
11,100008314,101030.0,60,2020-01-03T18:00:00,True,None,116744,1,,5,0,1024,100000022,False,2020-01-03T17:00:00,Completed
12,100006747,101109.0,90,2020-01-03T20:00:00,False,None,116738,1,,2,0,1011,100000022,True,2020-01-03T18:30:00,Completed
13,100006608,100003.0,60,2020-01-03T21:15:00,True,None,116779,1,,2,0,5,100000022,False,2020-01-03T20:15:00,Completed
14,100008311,,60,2020-01-03T12:15:00,True,None,116742,1,$54.50,2,0,5,100000033,False,2020-01-03T11:15:00,NoShow
15,100008315,100003.0,60,2020-01-03T13:30:00,True,None,116746,1,,2,0,5,100000037,False,2020-01-03T12:30:00,Completed
16,100005520,101109.0,90,2020-01-03T16:15:00,False,None,116759,1,,2,0,1011,100000037,True,2020-01-03T14:45:00,Completed
17,100008292,101030.0,60,2020-01-03T17:45:00,True,None,116697,1,,5,0,1024,100000037,False,2020-01-03T16:45:00,Completed
18,100000112,101011.0,90,2020-01-03T19:30:00,False,None,116751,1,,2,0,1011,100000037,True,2020-01-03T18:00:00,Completed
19,100008325,100003.0,60,2020-01-03T21:15:00,True,None,116780,1,,2,0,5,100000055,False,2020-01-03T20:15:00,Completed
20,100008299,101011.0,90,2020-01-03T12:30:00,False,None,116731,1,,2,0,1011,100000061,True,2020-01-03T11:00:00,Completed
21,100008190,101009.0,15,2020-01-03T13:00:00,False,None,116752,1,,2,0,1009,100000061,False,2020-01-03T12:45:00,Completed
22,100008096,101203.0,90,2020-01-03T14:30:00,True,None,116644,1,,19,0,1120,100000061,False,2020-01-03T13:00:00,Completed
23,100000008,101039.0,60,2020-01-03T16:00:00,False,None,116750,1,$60,3,0,1005,100000061,False,2020-01-03T15:00:00,Completed
24,100002523,101030.0,60,2020-01-03T17:15:00,False,Female,116756,1,,5,0,1024,100000061,False,2020-01-03T16:15:00,Completed
25,100006725,100003.0,60,2020-01-03T18:30:00,False,Female,116767,1,,2,0,5,100000061,False,2020-01-03T17:30:00,Completed
26,100008316,101030.0,60,2020-01-03T20:00:00,True,None,116749,1,,5,0,1024,100000061,False,2020-01-03T19:00:00,Completed
27,100008322,100003.0,45,2020-01-03T21:30:00,True,None,116777,1,,2,0,5,100000061,False,2020-01-03T20:45:00,Completed
0,100005126,101008.0,30,2020-01-02T14:30:00,False,Female,116709,1,"No 8
30 min gift card. ",4,0,1008,3,False,2020-01-02T14:00:00,Completed
1,100000466,,30,2020-01-02T15:00:00,False,None,116716,1,,19,0,1087,3,False,2020-01-02T14:30:00,NoShow
2,100008303,101191.0,10,2020-01-02T15:10:00,True,None,116718,1,,6,0,1109,3,False,2020-01-02T15:00:00,Completed
3,100008303,101191.0,10,2020-01-02T15:25:00,True,None,116719,1,,6,0,1109,3,False,2020-01-02T15:15:00,Completed
4,100008304,101009.0,15,2020-01-02T15:45:00,True,None,116720,1,,2,0,1009,3,False,2020-01-02T15:30:00,Completed
5,100008304,101009.0,15,2020-01-02T16:15:00,True,None,116722,1,,2,0,1009,3,False,2020-01-02T16:00:00,Completed
6,100008204,101186.0,60,2020-01-02T17:30:00,False,None,116734,1,,19,0,1105,3,False,2020-01-02T16:30:00,Completed
7,100008204,101204.0,30,2020-01-02T18:00:00,False,None,116733,1,,5,0,1022,3,False,2020-01-02T17:30:00,Completed
8,100008308,102237.0,60,2020-01-02T19:00:00,True,None,116729,1,,4,0,2139,3,False,2020-01-02T18:00:00,Completed
9,100008306,101030.0,60,2020-01-02T21:00:00,True,None,116728,1,,5,0,1024,3,False,2020-01-02T20:00:00,Completed
10,100008310,101011.0,30,2020-01-02T21:30:00,True,None,116741,1,,2,0,1011,3,False,2020-01-02T21:00:00,Completed
11,100007944,101110.0,60,2020-01-02T13:00:00,False,None,116669,1,,2,0,5,100000022,True,2020-01-02T12:00:00,Completed
12,100007944,101110.0,60,2020-01-02T14:00:00,False,None,116670,1,,2,0,5,100000022,True,2020-01-02T13:00:00,Completed
13,100008301,100003.0,60,2020-01-02T16:00:00,True,Male,116714,1,a. fariasaef***@yahoo.com•97047166,2,0,5,100000022,False,2020-01-02T15:00:00,Completed
14,100008299,101030.0,60,2020-01-02T17:00:00,True,None,116713,1,,5,0,1024,100000022,False,2020-01-02T16:00:00,Completed
15,100008305,101006.0,30,2020-01-02T17:30:00,True,None,116725,1,,2,0,1006,100000022,False,2020-01-02T17:00:00,Completed
16,100008307,100003.0,60,2020-01-02T18:45:00,True,None,116727,1,,2,0,5,100000022,False,2020-01-02T17:45:00,Completed
17,100005971,100003.0,60,2020-01-02T20:00:00,False,None,116730,1,,2,0,5,100000022,False,2020-01-02T19:00:00,Completed
18,100000466,,60,2020-01-02T14:30:00,False,None,116710,1,,19,0,1110,100000033,False,2020-01-02T13:30:00,NoShow
19,100003795,101110.0,60,2020-01-02T13:00:00,False,None,116739,1,,2,0,5,100000061,False,2020-01-02T12:00:00,Completed
20,100008298,100003.0,60,2020-01-02T14:00:00,True,None,116711,1,,2,0,5,100000061,False,2020-01-02T13:00:00,Completed
21,100008294,101203.0,90,2020-01-02T15:30:00,True,None,116702,1,"Juliette Szymoniakszy***@gmail.com•5809059
",19,0,1120,100000061,False,2020-01-02T14:00:00,Completed
22,100008304,101009.0,15,2020-01-02T16:00:00,True,None,116721,1,,2,0,1009,100000061,False,2020-01-02T15:45:00,Completed
23,100008299,100003.0,60,2020-01-02T17:00:00,True,None,116712,1,,2,0,5,100000061,False,2020-01-02T16:00:00,Completed
24,100008305,101006.0,30,2020-01-02T17:30:00,True,None,116724,1,,2,0,1006,100000061,False,2020-01-02T17:00:00,Completed
25,100008309,101006.0,30,2020-01-02T19:00:00,True,None,116732,1,,2,0,1006,100000061,False,2020-01-02T18:30:00,Completed
26,100003756,101035.0,60,2020-01-02T20:00:00,False,None,116735,1,,10,0,1028,100000061,False,2020-01-02T19:00:00,Completed
27,100008306,101030.0,60,2020-01-02T21:00:00,True,None,116726,1,$55,5,0,1024,100000061,False,2020-01-02T20:00:00,Completed
28,100008310,101011.0,30,2020-01-02T21:30:00,True,None,116740,1,,2,0,1011,100000061,False,2020-01-02T21:00:00,Completed
0,100008284,101030.0,60,2020-01-01T14:30:00,True,None,116684,1,,5,0,1024,3,False,2020-01-01T13:30:00,Completed
1,100006648,101100.0,90,2020-01-01T16:15:00,False,None,116683,1,,2,0,1011,3,False,2020-01-01T14:45:00,Completed
2,100006309,101194.0,60,2020-01-01T17:15:00,False,None,116695,1,,21,0,1111,3,False,2020-01-01T16:15:00,Completed
3,100008293,101011.0,90,2020-01-01T19:00:00,True,None,116701,1,,2,0,1011,3,False,2020-01-01T17:30:00,Completed
4,100008297,101008.0,30,2020-01-01T21:00:00,True,None,116706,1,,4,0,1008,3,False,2020-01-01T20:30:00,Arrived
5,100008297,,30,2020-01-01T21:30:00,True,None,116707,1,,4,0,1008,3,False,2020-01-01T21:00:00,Arrived
6,100008284,101030.0,60,2020-01-01T14:30:00,True,None,116685,1,$60,5,0,1024,100000004,False,2020-01-01T13:30:00,Completed
7,100008288,101126.0,45,2020-01-01T15:45:00,True,None,116690,1,,4,0,1074,100000004,False,2020-01-01T15:00:00,Completed
8,100008290,100003.0,60,2020-01-01T17:00:00,True,None,116692,1,,2,0,5,100000004,False,2020-01-01T16:00:00,Completed
9,100007970,101035.0,60,2020-01-01T18:30:00,False,Female,116699,1,,10,0,1028,100000004,False,2020-01-01T17:30:00,Completed
10,100008285,100003.0,60,2020-01-01T13:30:00,True,None,116686,1,,2,0,5,100000022,False,2020-01-01T12:30:00,Completed
11,100008287,101035.0,60,2020-01-01T15:00:00,True,None,116688,1,,10,0,1028,100000022,False,2020-01-01T14:00:00,Completed
12,100006309,101006.0,30,2020-01-01T16:00:00,False,None,116694,1,,2,0,1006,100000022,False,2020-01-01T15:30:00,Completed
13,100008290,100003.0,60,2020-01-01T17:00:00,True,None,116693,1,,2,0,5,100000022,False,2020-01-01T16:00:00,Completed
14,100007970,101053.0,60,2020-01-01T18:30:00,False,Female,116700,1,,6,0,1045,100000022,False,2020-01-01T17:30:00,Completed
15,100008295,100003.0,60,2020-01-01T19:45:00,True,None,116703,1,,2,0,5,100000022,False,2020-01-01T18:45:00,Completed
16,100003188,101006.0,30,2020-01-01T13:00:00,False,None,116689,1,,2,0,1006,100000061,False,2020-01-01T12:30:00,Completed
17,100008273,101030.0,60,2020-01-01T14:00:00,True,None,116640,1,,5,0,1024,100000061,False,2020-01-01T13:00:00,Completed
18,100008286,101011.0,90,2020-01-01T15:45:00,True,Female,116687,1,,2,0,1011,100000061,False,2020-01-01T14:15:00,Completed
19,100008289,101058.0,45,2020-01-01T16:45:00,True,None,116691,1,,10,0,1050,100000061,False,2020-01-01T16:00:00,Completed
20,100008291,100003.0,60,2020-01-01T18:00:00,True,None,116696,1,,2,0,5,100000061,False,2020-01-01T17:00:00,Completed
21,100001213,101093.0,75,2020-01-01T19:30:00,False,Male,116655,1,,2,0,5,100000061,False,2020-01-01T18:15:00,Completed
22,100006373,100003.0,60,2020-01-01T20:45:00,False,None,116704,1,,2,0,5,100000061,False,2020-01-01T19:45:00,Completed
23,100008296,101035.0,30,2020-01-01T21:30:00,True,None,116705,1,,10,0,1028,100000061,False,2020-01-01T21:00:00,Completed
0,100008279,101028.0,30,2019-12-31T12:15:00,True,None,116660,1,,5,0,1022,3,False,2019-12-31T11:45:00,Completed
1,100005591,101030.0,60,2019-12-31T13:45:00,False,None,116658,1,,5,0,1024,3,False,2019-12-31T12:45:00,Completed
2,100008280,101031.0,90,2019-12-31T15:30:00,True,None,116662,1,,5,0,1025,3,False,2019-12-31T14:00:00,Completed
3,100008281,102238.0,30,2019-12-31T16:00:00,True,None,116666,1,,4,0,2140,3,False,2019-12-31T15:30:00,Completed
4,100008266,101011.0,90,2019-12-31T17:30:00,True,None,116627,1,,2,0,1011,3,False,2019-12-31T16:00:00,Completed
5,100005142,101030.0,90,2019-12-31T19:30:00,False,None,116672,1,,5,0,1024,3,False,2019-12-31T18:00:00,Completed
6,100005591,101030.0,60,2019-12-31T13:45:00,False,None,116657,1,,5,0,1024,100000004,False,2019-12-31T12:45:00,Completed
7,100005591,101030.0,60,2019-12-31T15:00:00,False,None,116659,1,,5,0,1024,100000004,False,2019-12-31T14:00:00,Completed
8,100008281,101035.0,60,2019-12-31T16:15:00,True,None,116665,1,,10,0,1028,100000004,False,2019-12-31T15:15:00,Completed
9,100008280,101031.0,90,2019-12-31T15:30:00,True,None,116661,1,,5,0,1025,100000055,False,2019-12-31T14:00:00,Completed
10,100008281,102238.0,30,2019-12-31T16:00:00,True,None,116667,1,,4,0,2140,100000055,False,2019-12-31T15:30:00,Completed
11,100008266,101011.0,90,2019-12-31T17:30:00,True,None,116626,1,,2,0,1011,100000055,False,2019-12-31T16:00:00,Completed
12,100008283,101010.0,45,2019-12-31T18:45:00,True,None,116671,1,,2,0,1010,100000055,False,2019-12-31T18:00:00,Completed
13,100008278,101186.0,60,2019-12-31T12:15:00,True,None,116654,1,$50,19,0,1105,100000061,False,2019-12-31T11:15:00,Completed
14,100007832,101030.0,60,2019-12-31T13:30:00,False,None,116628,1,,5,0,1024,100000061,False,2019-12-31T12:30:00,Completed
15,100002293,101092.0,60,2019-12-31T15:00:00,False,None,116664,1,,2,0,5,100000061,False,2019-12-31T14:00:00,Completed
16,100007905,101032.0,120,2019-12-31T17:00:00,False,None,116663,1,,5,0,1026,100000061,True,2019-12-31T15:00:00,Completed
17,100008282,101030.0,60,2019-12-31T18:00:00,True,None,116668,1,$60,5,0,1024,100000061,False,2019-12-31T17:00:00,Completed
18,100007900,100003.0,60,2019-12-31T19:30:00,False,None,116674,1,,2,0,5,100000061,False,2019-12-31T18:30:00,Completed
0,100008265,101030.0,60,2019-12-30T14:45:00,True,None,116625,1,,5,0,1024,3,False,2019-12-30T13:45:00,Completed
1,100005595,,60,2019-12-30T16:00:00,False,None,116635,1,,8,0,2124,3,False,2019-12-30T15:00:00,NoShow
2,100008271,101008.0,30,2019-12-30T17:00:00,True,None,116636,1,$21,4,0,1008,3,False,2019-12-30T16:30:00,Completed
3,100008275,101030.0,60,2019-12-30T18:30:00,True,None,116645,1,"I-Hwei Warnerc.i***@gmail.com•6443373
",5,0,1024,3,False,2019-12-30T17:30:00,Completed
4,100008277,100003.0,60,2019-12-30T19:30:00,True,None,116652,1,,2,0,5,3,False,2019-12-30T18:30:00,Completed
5,100008263,101194.0,60,2019-12-30T12:15:00,True,None,116620,1,,21,0,1111,100000004,False,2019-12-30T11:15:00,Completed
6,100008254,101011.0,90,2019-12-30T14:15:00,True,None,116588,1,,2,0,1011,100000004,True,2019-12-30T12:45:00,Completed
7,100008268,101030.0,60,2019-12-30T15:30:00,True,None,116630,1,$44.50,5,0,1024,100000004,False,2019-12-30T14:30:00,Completed
8,100005495,,30,2019-12-30T16:00:00,False,None,116637,1,,8,0,1118,100000004,False,2019-12-30T15:30:00,NoShow
9,100001889,101093.0,60,2019-12-30T17:45:00,False,Female,116632,1,,5,0,1024,100000004,False,2019-12-30T16:45:00,Completed
10,100008276,101030.0,60,2019-12-30T19:00:00,True,None,116648,1,,5,0,1024,100000004,False,2019-12-30T18:00:00,Completed
11,100005796,101011.0,90,2019-12-30T12:45:00,False,None,116622,1,,2,0,1011,100000022,True,2019-12-30T11:15:00,Completed
12,100005835,101110.0,90,2019-12-30T14:45:00,False,None,116618,1,,5,0,1024,100000022,True,2019-12-30T13:15:00,Completed
13,100008269,100003.0,60,2019-12-30T16:00:00,True,None,116631,1,$44.50,2,0,5,100000022,False,2019-12-30T15:00:00,Completed
14,100008274,101007.0,60,2019-12-30T17:45:00,True,None,116642,1,,4,0,1007,100000022,False,2019-12-30T16:45:00,Completed
15,100003772,101011.0,90,2019-12-30T19:30:00,False,None,116643,1,,2,0,1011,100000022,True,2019-12-30T18:00:00,Completed
16,100008263,100003.0,60,2019-12-30T12:15:00,True,None,116621,1,,2,0,5,100000061,False,2019-12-30T11:15:00,Completed
17,100008264,101131.0,90,2019-12-30T14:15:00,True,None,116624,1,,4,0,1079,100000061,False,2019-12-30T12:45:00,Completed
18,100008270,101186.0,60,2019-12-30T15:45:00,True,None,116634,1,,19,0,1105,100000061,False,2019-12-30T14:45:00,Completed
19,100003561,101110.0,60,2019-12-30T18:00:00,False,None,116651,1,,2,0,5,100000061,False,2019-12-30T17:00:00,Completed
20,100007578,100003.0,60,2019-12-30T19:00:00,False,None,116649,1,,2,0,5,100000061,False,2019-12-30T18:00:00,Completed
21,100001409,101033.0,15,2019-12-30T19:30:00,False,None,116653,1,,4,0,1027,100000061,False,2019-12-30T19:15:00,Completed
0,100008250,101035.0,60,2019-12-29T12:15:00,True,Female,116575,1,,10,0,1028,3,False,2019-12-29T11:15:00,Completed
1,100008258,101046.0,45,2019-12-29T13:45:00,True,None,116595,1,,7,0,1038,3,False,2019-12-29T13:00:00,Completed
2,100006923,101052.0,45,2019-12-29T16:15:00,False,None,116608,1,,6,0,1044,3,False,2019-12-29T15:30:00,Completed
3,100000206,101011.0,90,2019-12-29T17:45:00,False,Female,116606,1,,2,0,1011,3,False,2019-12-29T16:15:00,Completed
4,100005595,,90,2019-12-29T19:30:00,False,None,116617,1,,8,0,2124,3,False,2019-12-29T18:00:00,NoShow
5,100008250,101035.0,60,2019-12-29T12:15:00,True,Female,116576,1,,10,0,1028,100000004,False,2019-12-29T11:15:00,Completed
6,100008258,101010.0,45,2019-12-29T13:45:00,True,None,116594,1,,2,0,1010,100000004,False,2019-12-29T13:00:00,Completed
7,100008259,101154.0,75,2019-12-29T16:15:00,True,None,116597,1,,21,0,1095,100000004,False,2019-12-29T15:00:00,Completed
8,100008202,102236.0,30,2019-12-29T11:45:00,True,None,116465,1,,4,0,2138,100000022,False,2019-12-29T11:15:00,Completed
9,100008202,101030.0,60,2019-12-29T12:45:00,True,None,116468,1,,5,0,1024,100000022,False,2019-12-29T11:45:00,Completed
10,100006332,101035.0,60,2019-12-29T15:45:00,False,None,116600,1,,10,0,1028,100000022,True,2019-12-29T14:45:00,Completed
11,100008261,101030.0,60,2019-12-29T19:00:00,True,None,116611,1,,5,0,1024,100000022,False,2019-12-29T18:00:00,Completed
12,100008257,101134.0,10,2019-12-29T11:40:00,True,None,116591,1,,19,0,1082,100000037,False,2019-12-29T11:30:00,Completed
13,100008257,101134.0,10,2019-12-29T11:55:00,True,None,116592,1,,19,0,1082,100000037,False,2019-12-29T11:45:00,Completed
14,100008251,101030.0,60,2019-12-29T13:00:00,True,None,116577,1,,5,0,1024,100000037,False,2019-12-29T12:00:00,Completed
15,100008255,102257.0,90,2019-12-29T15:30:00,True,None,116589,1,,21,0,2148,100000037,False,2019-12-29T14:00:00,Completed
16,100008261,101030.0,60,2019-12-29T19:00:00,True,None,116612,1,,5,0,1024,100000037,False,2019-12-29T18:00:00,Completed
17,100008202,102236.0,30,2019-12-29T11:45:00,True,None,116466,1,,4,0,2138,100000059,False,2019-12-29T11:15:00,Completed
18,100008202,101030.0,60,2019-12-29T12:45:00,True,None,116467,1,"Amelia Frankame***@hotmail.com•50106258
Amelia Frankame***@hotmail.com•79631058
",5,0,1024,100000059,False,2019-12-29T11:45:00,Completed
19,100008258,101029.0,45,2019-12-29T13:45:00,True,None,116593,1,,5,0,1023,100000059,False,2019-12-29T13:00:00,Completed
20,100008259,101053.0,60,2019-12-29T16:00:00,True,None,116609,1,,6,0,1045,100000059,False,2019-12-29T15:00:00,Completed
21,100008256,101032.0,120,2019-12-29T13:30:00,True,None,116590,1,,5,0,1026,100000061,False,2019-12-29T11:30:00,Completed
22,100006332,101035.0,60,2019-12-29T15:45:00,False,None,116599,1,,10,0,1028,100000061,False,2019-12-29T14:45:00,Completed
23,100007984,100003.0,75,2019-12-29T17:45:00,False,Female,116613,1,,2,0,5,100000061,False,2019-12-29T16:30:00,Completed
0,100006648,101011.0,90,2019-12-28T13:15:00,False,Female,116545,1,,2,0,1011,3,True,2019-12-28T11:45:00,Completed
1,100008244,100003.0,60,2019-12-28T15:30:00,True,None,116563,1,,2,0,5,3,False,2019-12-28T14:30:00,Completed
2,100008238,101030.0,60,2019-12-28T16:45:00,True,None,116546,1,,5,0,1024,3,False,2019-12-28T15:45:00,Completed
3,100005283,101154.0,75,2019-12-28T20:15:00,False,None,116578,1,,21,0,1095,3,False,2019-12-28T19:00:00,Completed
4,100008247,101134.0,10,2019-12-28T16:25:00,True,None,116571,1,,19,0,1082,100000001,False,2019-12-28T16:15:00,Completed
5,100008154,100003.0,60,2019-12-28T18:00:00,False,None,116517,1,Jyan requested,2,0,5,100000001,True,2019-12-28T17:00:00,Completed
6,100008154,100003.0,60,2019-12-28T19:00:00,False,None,116518,1,Jyan requested,2,0,5,100000001,True,2019-12-28T18:00:00,Completed
7,100008210,101008.0,30,2019-12-28T12:00:00,True,None,116487,1,"92703168 living social 
Darcy Lubbersdar***@gmail.com•92703168
",4,0,1008,100000004,False,2019-12-28T11:30:00,Completed
8,100008232,100003.0,60,2019-12-28T13:45:00,True,None,116529,1,,2,0,5,100000004,False,2019-12-28T12:45:00,Completed
9,100008239,101030.0,60,2019-12-28T15:00:00,True,None,116549,1,$44.50,5,0,1024,100000004,False,2019-12-28T14:00:00,Completed
10,100008243,101035.0,60,2019-12-28T16:00:00,True,None,116562,1,,10,0,1028,100000004,False,2019-12-28T15:00:00,Completed
11,100005495,,30,2019-12-28T17:00:00,False,None,116566,1,,8,0,1118,100000004,False,2019-12-28T16:30:00,NoShow
12,100008249,101010.0,45,2019-12-28T17:45:00,True,None,116573,1,,2,0,1010,100000004,False,2019-12-28T17:00:00,Completed
13,100008236,101030.0,60,2019-12-28T12:15:00,True,None,116539,1,"Erjana Radomierj***@yahoo.com•38672646
Erjana Radomierj***@yahoo.com•9827683",5,0,1024,100000022,False,2019-12-28T11:15:00,Completed
14,100008232,100003.0,60,2019-12-28T13:45:00,True,None,116530,1,,2,0,5,100000022,False,2019-12-28T12:45:00,Completed
15,100008244,100003.0,60,2019-12-28T15:30:00,True,None,116564,1,,2,0,5,100000022,False,2019-12-28T14:30:00,Completed
16,100008246,101029.0,45,2019-12-28T16:30:00,True,None,116567,1,,5,0,1023,100000022,False,2019-12-28T15:45:00,Completed
17,100008246,101062.0,40,2019-12-28T17:10:00,True,None,116568,1,,11,0,1053,100000022,False,2019-12-28T16:30:00,Completed
18,100006195,101112.0,30,2019-12-28T19:00:00,False,None,116585,1,,2,0,1006,100000022,False,2019-12-28T18:30:00,Completed
19,100006195,101112.0,30,2019-12-28T19:30:00,False,None,116586,1,,2,0,1006,100000022,False,2019-12-28T19:00:00,Completed
20,100008241,101203.0,90,2019-12-28T15:00:00,True,None,116555,1,,19,0,1120,100000055,False,2019-12-28T13:30:00,Completed
21,100005370,100003.0,60,2019-12-28T16:30:00,False,None,116569,1,,2,0,5,100000055,False,2019-12-28T15:30:00,Completed
22,100008248,101035.0,60,2019-12-28T17:45:00,True,None,116572,1,,10,0,1028,100000055,False,2019-12-28T16:45:00,Completed
23,100008252,101008.0,30,2019-12-28T19:15:00,True,None,116584,1,,4,0,1008,100000055,False,2019-12-28T18:45:00,Completed
24,100008236,101030.0,60,2019-12-28T12:15:00,True,None,116540,1,"Erjana Radomierj***@yahoo.com•38672646
Erjana Radomierj***@yahoo.com•9827683",5,0,1024,100000059,False,2019-12-28T11:15:00,Completed
25,100008237,101030.0,60,2019-12-28T13:15:00,False,None,116543,1,,5,0,1024,100000059,False,2019-12-28T12:15:00,Completed
26,100008245,101011.0,90,2019-12-28T15:45:00,True,None,116565,1,,2,0,1011,100000059,False,2019-12-28T14:15:00,Completed
27,100008238,101030.0,60,2019-12-28T16:45:00,True,None,116570,1,,5,0,1024,100000059,False,2019-12-28T15:45:00,Completed
28,100006195,101112.0,30,2019-12-28T19:00:00,False,None,116548,1,,2,0,1006,100000059,False,2019-12-28T18:30:00,Completed
29,100006195,101112.0,30,2019-12-28T19:30:00,False,None,116579,1,,2,0,1006,100000059,False,2019-12-28T19:00:00,Completed
30,100008225,101011.0,120,2019-12-28T13:00:00,False,None,116524,1,,2,0,1011,100000061,True,2019-12-28T11:00:00,Completed
31,100008240,101030.0,60,2019-12-28T14:15:00,True,None,116554,1,,5,0,1024,100000061,False,2019-12-28T13:15:00,Completed
32,100008242,101134.0,10,2019-12-28T14:40:00,True,None,116561,1,,19,0,1082,100000061,True,2019-12-28T14:30:00,Completed
33,100003795,101110.0,60,2019-12-28T16:00:00,False,None,116560,1,,2,0,5,100000061,True,2019-12-28T15:00:00,Completed
34,100008179,100003.0,60,2019-12-28T17:00:00,False,None,116553,1,,2,0,5,100000061,True,2019-12-28T16:00:00,Completed
35,100008252,101008.0,30,2019-12-28T19:15:00,True,None,116581,1,,4,0,1008,100000061,False,2019-12-28T18:45:00,Completed
36,100008237,101030.0,60,2019-12-28T13:15:00,False,None,116544,1,,5,0,1024,100000064,False,2019-12-28T12:15:00,Completed
37,100000381,101211.0,60,2019-12-28T14:30:00,False,None,116550,1,boss lady massage,8,0,1123,100000064,False,2019-12-28T13:30:00,Completed
0,100006450,100003.0,60,2019-12-27T19:45:00,False,None,116542,1,,2,0,5,3,False,2019-12-27T18:45:00,Completed
1,100006972,100003.0,60,2019-12-27T21:00:00,False,None,116538,1,,2,0,5,3,False,2019-12-27T20:00:00,Completed
2,100006972,101006.0,30,2019-12-27T21:30:00,False,None,116541,1,,2,0,1006,3,False,2019-12-27T21:00:00,Completed
3,100008224,101006.0,30,2019-12-27T11:45:00,True,None,116514,1,,2,0,1006,100000022,False,2019-12-27T11:15:00,Completed
4,100008222,101062.0,40,2019-12-27T12:40:00,True,None,116510,1,,11,0,1053,100000022,False,2019-12-27T12:00:00,Completed
5,100008229,101010.0,45,2019-12-27T14:30:00,True,None,116521,1,,2,0,1010,100000022,False,2019-12-27T13:45:00,Completed
6,100008234,101126.0,45,2019-12-27T16:30:00,True,None,116533,1,,4,0,1074,100000022,False,2019-12-27T15:45:00,Completed
7,100007007,101011.0,90,2019-12-27T18:00:00,False,None,116523,1,,2,0,1011,100000022,True,2019-12-27T16:30:00,Completed
8,100008231,101011.0,90,2019-12-27T20:00:00,True,None,116526,1,,2,0,1011,100000022,False,2019-12-27T18:30:00,Completed
9,100004991,101011.0,90,2019-12-27T21:30:00,False,None,116528,1,,2,0,1011,100000022,True,2019-12-27T20:00:00,Completed
10,100008223,101062.0,40,2019-12-27T12:40:00,True,None,116511,1,,11,0,1053,100000037,False,2019-12-27T12:00:00,Completed
11,100008225,101154.0,75,2019-12-27T14:00:00,True,None,116512,1,,21,0,1095,100000037,False,2019-12-27T12:45:00,Completed
12,100000599,,180,2019-12-27T17:00:00,False,None,116448,1,,8,0,1123,100000037,False,2019-12-27T14:00:00,NoShow
13,100008231,101011.0,90,2019-12-27T20:00:00,True,None,116525,1,,2,0,1011,100000037,False,2019-12-27T18:30:00,Completed
14,100006972,101033.0,15,2019-12-27T20:45:00,False,None,116537,1,,4,0,1027,100000037,False,2019-12-27T20:30:00,Completed
15,100008226,101011.0,90,2019-12-27T14:30:00,True,None,116513,1,,2,0,1011,100000061,False,2019-12-27T13:00:00,Completed
16,100008234,101029.0,45,2019-12-27T16:30:00,True,None,116532,1,,5,0,1023,100000061,False,2019-12-27T15:45:00,Completed
17,100008235,101188.0,60,2019-12-27T18:00:00,True,None,116534,1,,21,0,1107,100000061,False,2019-12-27T17:00:00,Completed
18,100008221,101010.0,60,2019-12-27T19:00:00,True,None,116509,1,,2,0,1010,100000061,True,2019-12-27T18:00:00,Completed
19,100006972,100003.0,60,2019-12-27T21:15:00,False,None,116536,1,,2,0,5,100000061,True,2019-12-27T20:15:00,Completed
0,100008212,101006.0,30,2019-12-23T13:45:00,True,None,116490,1,,2,0,1006,100000004,False,2019-12-23T13:15:00,Completed
1,100008213,101006.0,45,2019-12-23T14:45:00,True,None,116492,1,,2,0,1006,100000004,False,2019-12-23T14:00:00,Completed
2,100005534,101058.0,45,2019-12-23T15:45:00,False,Female,116493,1,,10,0,1050,100000004,False,2019-12-23T15:00:00,Completed
3,100008212,101051.0,30,2019-12-23T13:45:00,True,None,116491,1,,6,0,1043,100000022,False,2019-12-23T13:15:00,Completed
4,100008214,101059.0,90,2019-12-23T15:30:00,True,None,116494,1,,10,0,1051,100000022,False,2019-12-23T14:00:00,Completed
5,100006373,101045.0,30,2019-12-23T16:00:00,False,None,116500,1,,7,0,1037,100000022,False,2019-12-23T15:30:00,Completed
6,100008215,101030.0,60,2019-12-23T17:30:00,True,None,116502,1,,5,0,1024,100000022,False,2019-12-23T16:30:00,Completed
7,100008217,101057.0,45,2019-12-23T19:15:00,True,None,116504,1,,10,0,1049,100000022,False,2019-12-23T18:30:00,Completed
8,100003198,101092.0,60,2019-12-23T12:15:00,False,None,116488,1,,2,0,5,100000061,False,2019-12-23T11:15:00,Completed
9,100008214,101011.0,90,2019-12-23T15:30:00,True,None,116495,1,,2,0,1011,100000061,False,2019-12-23T14:00:00,Completed
10,100008032,101053.0,60,2019-12-23T16:30:00,False,Female,116499,1,,6,0,1045,100000061,False,2019-12-23T15:30:00,Completed
11,100008218,101008.0,30,2019-12-23T19:15:00,True,None,116506,1,,4,0,1008,100000061,False,2019-12-23T18:45:00,Completed
12,100008211,101006.0,30,2019-12-23T14:00:00,True,None,116489,1,,2,0,1006,100000064,False,2019-12-23T13:30:00,Completed
13,100006764,101093.0,60,2019-12-23T15:45:00,False,None,116498,1,,2,0,5,100000064,False,2019-12-23T14:45:00,Completed
14,100008215,101030.0,60,2019-12-23T17:30:00,True,None,116501,1,,5,0,1024,100000064,False,2019-12-23T16:30:00,Completed
15,100008218,101008.0,30,2019-12-23T19:15:00,True,None,116507,1,,4,0,1008,100000064,False,2019-12-23T18:45:00,Completed
0,100004325,101186.0,60,2019-12-22T13:00:00,True,None,116382,1,$47 ,19,0,1105,100000004,True,2019-12-22T12:00:00,Completed
1,100008201,101203.0,90,2019-12-22T16:30:00,True,Female,116463,1,$72,19,0,1120,100000004,False,2019-12-22T15:00:00,Completed
2,100008194,101186.0,90,2019-12-22T13:30:00,True,None,116450,1,,19,0,1105,100000022,False,2019-12-22T12:00:00,Completed
3,100008196,101030.0,60,2019-12-22T14:30:00,True,Female,116486,1,,5,0,1024,100000022,False,2019-12-22T13:30:00,Completed
4,100008103,101030.0,60,2019-12-22T16:00:00,True,None,116415,1,,5,0,1024,100000022,False,2019-12-22T15:00:00,Completed
5,100008203,101045.0,30,2019-12-22T16:45:00,True,None,116470,1,,7,0,1037,100000022,False,2019-12-22T16:15:00,Completed
6,100008207,102236.0,30,2019-12-22T18:30:00,True,None,116481,1,,4,0,2138,100000022,False,2019-12-22T18:00:00,Completed
7,100008209,101008.0,30,2019-12-22T20:00:00,True,None,116484,1,,4,0,1008,100000022,False,2019-12-22T19:30:00,Completed
8,100008195,101029.0,45,2019-12-22T14:15:00,True,None,116456,1,,5,0,1023,100000037,False,2019-12-22T13:30:00,Completed
9,100000377,101146.0,20,2019-12-22T14:50:00,False,None,116464,1,,19,0,1089,100000037,False,2019-12-22T14:30:00,Completed
10,100000055,101154.0,75,2019-12-22T16:15:00,False,None,116361,1,,21,0,1095,100000037,True,2019-12-22T15:00:00,Completed
11,100008206,101035.0,60,2019-12-22T18:30:00,True,None,116479,1,,10,0,1028,100000037,False,2019-12-22T17:30:00,Completed
12,100008208,100003.0,60,2019-12-22T19:30:00,True,None,116482,1,,2,0,5,100000037,False,2019-12-22T18:30:00,Completed
13,100008194,101186.0,90,2019-12-22T13:30:00,True,None,116449,1,,19,0,1105,100000061,False,2019-12-22T12:00:00,Completed
14,100008196,101030.0,60,2019-12-22T14:30:00,True,Female,116485,1,,5,0,1024,100000061,False,2019-12-22T13:30:00,Completed
15,100008197,100003.0,60,2019-12-22T15:45:00,True,None,116460,1,,2,0,5,100000061,False,2019-12-22T14:45:00,Completed
16,100008203,101008.0,30,2019-12-22T16:45:00,True,None,116469,1,,4,0,1008,100000061,False,2019-12-22T16:15:00,Completed
17,100001050,101030.0,60,2019-12-22T18:30:00,False,None,116474,1,,5,0,1024,100000061,False,2019-12-22T17:30:00,Completed
18,100007992,,60,2019-12-22T14:30:00,False,None,116462,1,"was totally distraught after massage
Very irratic,
Sweating on her 
called back after massage almost crying.
not relaxing at all.",5,0,1024,100000064,False,2019-12-22T13:30:00,NoShow
19,100008200,101008.0,30,2019-12-22T15:15:00,True,None,116461,1,,4,0,1008,100000064,False,2019-12-22T14:45:00,Completed
20,100008204,101203.0,90,2019-12-22T17:15:00,False,None,116472,1,"Alisha Marksact***@gmail.com•30265521
",19,0,1120,100000064,False,2019-12-22T15:45:00,Completed
21,100008207,102236.0,30,2019-12-22T18:30:00,True,None,116480,1,,4,0,2138,100000064,False,2019-12-22T18:00:00,Completed
22,100008209,101008.0,30,2019-12-22T20:00:00,True,None,116483,1,,4,0,1008,100000064,False,2019-12-22T19:30:00,Completed
